id,name,address
CTR001,Cooley Ltd,"0644 Jacob Green, Clarkestad, IN 54082"
CTR002,White-Miller,"393 Krista Fall Suite 758, Oliverchester, OH 32597"
CTR003,Brown LLC,"174 Frank Lane Suite 976, West Margaretport, AZ 78503"
CTR004,Whitaker-Pratt,"666 Sara Corner Suite 782, Kimberlymouth, CA 65429"
CTR005,Jones-Webb,"8816 Lisa Glens Suite 008, Michellemouth, ND 89724"
CTR006,"Porter, Johns and Montoya","1658 Bender Camp Suite 904, Danielstad, FL 33259"
CTR007,Griffin-Perez,"1578 Andre Mission Apt. 647, Johnburgh, IN 82950"
CTR008,Jordan Group,"983 Cook Loaf Suite 958, Beardhaven, MI 28800"
CTR009,"Harmon, Mccoy and Dean","121 Lee Station Apt. 085, Mccannberg, MO 92667"
CTR010,Ramirez-Jacobson,"76821 Laura Port, East Danielton, AK 36457"
CTR011,"Diaz, Sloan and Carter","233 Julie Skyway, Lake Brandon, FL 70821"
CTR012,"Daniels, Hester and Hubbard","178 Brad Forges, West Tyler, UT 92926"
CTR013,"Callahan, Webb and Bryant","78107 Angela Isle Apt. 411, Josephburgh, VT 03984"
CTR014,Kim-Ware,"55550 Parker Lodge Apt. 378, Port Marioside, AR 91780"
CTR015,Herrera PLC,"690 Adams Tunnel Suite 459, North Donald, MO 42856"
